"","date","transaction_id","quantity","typeName","type_id","unit_price","client_id","location_id","is_buy","is_personal","journal_ref_id"
"1","2018-02-24T18:29:19Z",4819302742,2,"Large Skill Injector",40520,814999999.99,96355827,1023164547009,FALSE,TRUE,15227070141
"2","2018-02-24T18:28:26Z",4819302092,3,"Large Skill Injector",40520,815000000,2113842926,1023164547009,FALSE,TRUE,15227066906
"3","2018-02-24T13:49:54Z",4819087486,8,"Large Ancillary Shield Booster",4391,126004.28,2112527205,60003760,TRUE,TRUE,15225983363
"4","2018-02-24T13:19:01Z",4819067582,1,"Large Ancillary Shield Booster",4391,126004.28,91024152,60003760,TRUE,TRUE,15225880797
"5","2018-02-24T12:26:12Z",4819034526,1,"Large Ancillary Shield Booster",4391,126004.28,94204380,60003760,TRUE,TRUE,15225708078
"6","2018-02-24T09:29:12Z",4818948637,1,"Large Ancillary Shield Booster",4391,126004.28,95631299,60003760,TRUE,TRUE,15225256211
"7","2018-02-24T08:45:16Z",4818924652,2,"Large Ancillary Shield Booster",4391,159000,92626749,60003760,FALSE,TRUE,15225128782
"8","2018-02-24T08:10:21Z",4818908323,1,"Large Ancillary Shield Booster",4391,159000,2113441815,60003760,FALSE,TRUE,15225038749
"9","2018-02-24T07:05:15Z",4818877440,1,"Large Ancillary Shield Booster",4391,159000,2113509846,60003760,FALSE,TRUE,15224875026
"10","2018-02-24T06:25:14Z",4818860611,1,"Large Ancillary Shield Booster",4391,159000,92633076,60003760,FALSE,TRUE,15224782644
"11","2018-02-24T06:12:47Z",4818855842,1,"Large Ancillary Shield Booster",4391,159000,96636867,60003760,FALSE,TRUE,15224756516
"12","2018-02-24T05:36:10Z",4818841100,1,"Large Ancillary Shield Booster",4391,159000,91571520,60003760,FALSE,TRUE,15224675870
"13","2018-02-24T03:31:18Z",4818786292,1,"Large Ancillary Shield Booster",4391,159000,2113769595,60003760,FALSE,TRUE,15224394105
"14","2018-02-24T03:18:33Z",4818781741,100,"Large Ancillary Shield Booster",4391,126004.28,1651953118,60003760,TRUE,TRUE,15224367607
"15","2018-02-24T03:13:14Z",4818779482,1,"Large Ancillary Shield Booster",4391,159000,1333385425,60003760,FALSE,TRUE,15224355465
"16","2018-02-24T03:00:45Z",4818774029,2,"Large Ancillary Shield Booster",4391,126004.28,94371105,60003760,TRUE,TRUE,15224326778
"17","2018-02-24T02:29:21Z",4818759749,1,"Large Ancillary Shield Booster",4391,159000,1813949254,60003760,FALSE,TRUE,15224255503
"18","2018-02-24T02:08:36Z",4818749964,3,"Large Ancillary Shield Booster",4391,159000,2113376364,60003760,FALSE,TRUE,15224206685
"19","2018-02-24T02:04:10Z",4818748186,1,"Large Ancillary Shield Booster",4391,159000,1681012773,60003760,FALSE,TRUE,15224196747
"20","2018-02-24T01:53:07Z",4818742872,4,"Large Ancillary Shield Booster",4391,159000,440773276,60003760,FALSE,TRUE,15224170472
"21","2018-02-24T01:39:55Z",4818737112,1,"Large Ancillary Shield Booster",4391,126004.28,96528553,60003760,TRUE,TRUE,15224139821
"22","2018-02-24T01:36:16Z",4818735503,1,"Large Ancillary Shield Booster",4391,126004.28,1291242486,60003760,TRUE,TRUE,15224131613
"23","2018-02-24T01:26:58Z",4818730725,1,"Large Ancillary Shield Booster",4391,159000,96821099,60003760,FALSE,TRUE,15224108304
"24","2018-02-24T00:35:00Z",4818707685,1,"Large Ancillary Shield Booster",4391,159000,2113106867,60003760,FALSE,TRUE,15223986281
"25","2018-02-24T00:28:02Z",4818704356,1,"Large Ancillary Shield Booster",4391,159000,90089486,60003760,FALSE,TRUE,15223969738
"26","2018-02-23T23:52:22Z",4818685222,1,"Large Ancillary Shield Booster",4391,159000,2113106867,60003760,FALSE,TRUE,15223874198
"27","2018-02-23T23:34:16Z",4818674645,1,"Large Ancillary Shield Booster",4391,171301.96,95265730,60003760,FALSE,TRUE,15223821599
"28","2018-02-23T23:29:48Z",4818671873,7,"Large Ancillary Shield Booster",4391,126004.28,2113690787,60003760,TRUE,TRUE,15223808089
"29","2018-02-23T23:28:44Z",4818671281,5,"Large Ancillary Shield Booster",4391,159000,2113690787,60003760,FALSE,TRUE,15223805360
"30","2018-02-23T23:28:44Z",4818671279,2,"Large Ancillary Shield Booster",4391,159000,2113690787,60003760,FALSE,TRUE,15223805339
"31","2018-02-23T23:09:57Z",4818661732,3,"Skill Extractor",40519,353608003.94,644574749,60003760,TRUE,TRUE,15223753970
"32","2018-02-23T22:39:19Z",4818642922,2,"Large Ancillary Shield Booster",4391,159000,96335787,60003760,FALSE,TRUE,15223659139
"33","2018-02-23T22:10:38Z",4818624700,1,"Skill Extractor",40519,353608003,91704675,60003760,TRUE,TRUE,15223566197
"34","2018-02-23T22:01:00Z",4818619052,2,"Large Ancillary Shield Booster",4391,159000,1854908396,60003760,FALSE,TRUE,15223535883
"35","2018-02-23T21:57:59Z",4818617054,2,"Skill Extractor",40519,353608001,980893619,60003760,TRUE,TRUE,15223525154
"36","2018-02-23T01:19:33Z",4818008201,1,"Large Ancillary Shield Booster",4391,126004.13,2113465388,60003760,TRUE,TRUE,15220290830
"37","2018-02-23T01:00:40Z",4818000208,1,"Large Ancillary Shield Booster",4391,126004.13,2112283314,60003760,TRUE,TRUE,15220248340
"38","2018-02-23T00:50:17Z",4817995870,1,"Large Ancillary Shield Booster",4391,126004.13,91394919,60003760,TRUE,TRUE,15220225312
"39","2018-02-22T23:06:00Z",4817944841,4,"Large Ancillary Shield Booster",4391,126004.13,1117911715,60003760,TRUE,TRUE,15219962461
"40","2018-02-22T22:46:50Z",4817934417,4,"Large Ancillary Shield Booster",4391,126004.13,851546867,60003760,TRUE,TRUE,15219908472
"41","2018-02-22T22:41:11Z",4817930862,3,"Large Ancillary Shield Booster",4391,126004.13,1947958757,60003760,TRUE,TRUE,15219891422
"42","2018-02-22T22:40:16Z",4817930286,1,"Large Ancillary Shield Booster",4391,126004.13,96474137,60003760,TRUE,TRUE,15219888832
"43","2018-02-22T22:23:42Z",4817920355,3,"Large Ancillary Shield Booster",4391,126004.13,94581933,60003760,TRUE,TRUE,15219838713
"44","2018-02-22T22:08:33Z",4817909602,8,"Large Ancillary Shield Booster",4391,126004.13,540711840,60003760,TRUE,TRUE,15219787885
"45","2018-02-22T21:37:51Z",4817888540,17,"Large Ancillary Shield Booster",4391,126004.13,2112265639,60003760,TRUE,TRUE,15219685494
"46","2018-02-22T21:35:18Z",4817887188,1,"Torpedo Specialization",20213,6979985.93,863392629,60003760,TRUE,TRUE,15219677792
"47","2018-02-18T04:12:03Z",4814420028,200,"Nuclear Reactors",2352,113002,93508054,60003760,TRUE,TRUE,15201445933
"48","2018-02-18T01:23:36Z",4814342770,2633,"Condensates",2344,57896.99,183139135,60003760,FALSE,TRUE,15201048718
"49","2018-02-18T01:18:38Z",4814340447,474,"Guidance Systems",9834,90200.01,91272872,60003760,TRUE,TRUE,15201036695
"50","2018-02-18T01:01:42Z",4814332402,1,"Mobile Depot",33474,1472961.25,2113806897,60003760,FALSE,TRUE,15200995123
"51","2018-02-18T00:50:34Z",4814326535,1,"Mobile Depot",33474,1447596.92,95222705,60003760,FALSE,TRUE,15200965144
"52","2018-02-18T00:38:18Z",4814320648,2,"Mobile Depot",33474,1447596.92,680009682,60003760,FALSE,TRUE,15200934221
"53","2018-02-18T00:32:39Z",4814317728,1,"Mobile Depot",33474,1447596.92,93810806,60003760,FALSE,TRUE,15200919341
"54","2018-02-18T00:08:55Z",4814305201,1,"Mobile Depot",33474,1447596.92,2113684432,60003760,FALSE,TRUE,15200854448
"55","2018-02-18T00:08:25Z",4814304941,10,"Guidance Systems",9834,90200.01,619675838,60003760,TRUE,TRUE,15200853226
"56","2018-02-18T00:05:56Z",4814303582,1,"Mobile Depot",33474,1447596.92,141572617,60003760,FALSE,TRUE,15200845758
"57","2018-02-18T00:01:37Z",4814301163,1,"Mobile Depot",33474,1447596.92,2113684432,60003760,FALSE,TRUE,15200834567
"58","2018-02-18T00:00:46Z",4814300642,1,"Mobile Depot",33474,1447596.92,819187886,60003760,FALSE,TRUE,15200831255
"59","2018-02-18T00:00:44Z",4814300628,1,"Mobile Depot",33474,1447596.92,819187886,60003760,FALSE,TRUE,15200831184
"60","2018-02-18T00:00:42Z",4814300569,1,"Mobile Depot",33474,1447596.92,96232797,60003760,FALSE,TRUE,15200830991
"61","2018-02-17T23:55:36Z",4814297187,2,"Mobile Depot",33474,1447596.92,1678379458,60003760,FALSE,TRUE,15200815456
"62","2018-02-17T23:53:24Z",4814295800,1,"Large Ancillary Shield Booster",4391,174998,311170587,60003760,FALSE,TRUE,15200808910
"63","2018-02-17T23:51:43Z",4814294756,1,"Large Ancillary Shield Booster",4391,174999.98,2113381693,60003760,FALSE,TRUE,15200803973
"64","2018-02-17T14:28:24Z",4813861498,1,"Large Ancillary Shield Booster",4391,126002,2112904926,60003760,TRUE,TRUE,15198651317
"65","2018-02-17T13:42:10Z",4813829521,1,"Large Ancillary Shield Booster",4391,126002,96033617,60003760,TRUE,TRUE,15198488010
"66","2018-02-17T13:25:53Z",4813819159,3,"Large Ancillary Shield Booster",4391,126002,2112901124,60003760,TRUE,TRUE,15198433699
"67","2018-02-17T12:36:09Z",4813787813,200,"High-Tech Transmitters",17898,95172.1,96799326,60003760,TRUE,TRUE,15198269739
"68","2018-02-17T11:31:58Z",4813752185,1,"Mobile Depot",33474,1447996.92,95717121,60003760,FALSE,TRUE,15198084593
"69","2018-02-17T11:30:58Z",4813751452,1,"Mobile Depot",33474,1447996.92,2113171404,60003760,FALSE,TRUE,15198081676
"70","2018-02-17T11:29:11Z",4813750293,10,"Medium Energy Locus Coordinator II",31486,4899859.56,139775128,60003760,FALSE,TRUE,15198076586
"71","2018-02-17T11:26:29Z",4813749008,1,"Mobile Depot",33474,1447996.92,94222895,60003760,FALSE,TRUE,15198070741
"72","2018-02-17T11:24:09Z",4813748029,1,"Mobile Depot",33474,1447996.92,96831513,60003760,FALSE,TRUE,15198066160
"73","2018-02-17T11:22:22Z",4813747479,3,"Large Ancillary Shield Booster",4391,126002,95717121,60003760,TRUE,TRUE,15198063484
"74","2018-02-17T11:16:52Z",4813745529,1,"Mobile Depot",33474,1447996.92,94965392,60003760,FALSE,TRUE,15198055155
"75","2018-02-17T10:58:22Z",4813743121,3,"Mobile Depot",33474,1447996.92,1241213122,60003760,FALSE,TRUE,15198041323
"76","2018-02-17T10:49:46Z",4813738758,1,"Mobile Depot",33474,1447996.92,769918982,60003760,FALSE,TRUE,15198017593
"77","2018-02-17T10:45:04Z",4813736021,1,"Mobile Depot",33474,1447996.92,2113639887,60003760,FALSE,TRUE,15198003604
"78","2018-02-17T10:44:04Z",4813735507,1,"Mobile Depot",33474,1447996.92,2113792610,60003760,FALSE,TRUE,15198000378
"79","2018-02-17T10:41:50Z",4813734260,2,"Mobile Depot",33474,1447996.92,2113316760,60003760,FALSE,TRUE,15197994231
"80","2018-02-17T10:30:48Z",4813727997,718,"Condensates",2344,59899.99,97181345,60003760,FALSE,TRUE,15197961616
"81","2018-02-17T07:24:52Z",4813631462,535,"Smartfab Units",2351,97003,2113371738,60003760,TRUE,TRUE,15197454579
"82","2018-02-17T06:26:59Z",4813605552,67156,"Zydrine",39,794.33,2112253344,60003760,TRUE,TRUE,15197320933
"83","2018-02-17T05:44:30Z",4813588831,8,"Zydrine",39,794.33,94387041,60003760,TRUE,TRUE,15197230396
"84","2018-02-17T05:36:07Z",4813585274,5694,"Zydrine",39,794,96369509,60003760,TRUE,TRUE,15197211934
"85","2018-02-17T05:16:20Z",4813577141,32,"Zydrine",39,794.33,2113683865,60003760,TRUE,TRUE,15197169053
"86","2018-02-17T05:14:56Z",4813576557,3,"Zydrine",39,794.33,95281716,60003760,TRUE,TRUE,15197166112
"87","2018-02-17T05:05:22Z",4813572847,70,"Zydrine",39,794.33,1054542580,60003760,TRUE,TRUE,15197147174
"88","2018-02-17T04:51:19Z",4813566588,400,"Zydrine",39,794.33,95523461,60003760,TRUE,TRUE,15197115840
"89","2018-02-17T04:27:16Z",4813555863,132,"Zydrine",39,794.33,2113421378,60003760,TRUE,TRUE,15197060596
"90","2018-02-17T03:54:17Z",4813541833,87,"Zydrine",39,794.33,2112479053,60003760,TRUE,TRUE,15196988288
"91","2018-02-17T03:50:51Z",4813540564,52,"Zydrine",39,794.33,2113791225,60003760,TRUE,TRUE,15196981828
"92","2018-02-17T03:36:19Z",4813533188,22,"Zydrine",39,794.33,222117249,60003760,TRUE,TRUE,15196946431
"93","2018-02-17T03:27:16Z",4813529071,5432,"Zydrine",39,794.33,93555540,60003760,TRUE,TRUE,15196925388
"94","2018-02-17T03:23:25Z",4813527359,2,"Mobile Depot",33474,1448000,2113240467,60003760,FALSE,TRUE,15196916228
"95","2018-02-17T03:06:07Z",4813520616,1,"Mobile Depot",33474,1448000,93234493,60003760,FALSE,TRUE,15196879708
"96","2018-02-17T02:56:45Z",4813516544,1,"Mobile Depot",33474,1448000,95525344,60003760,FALSE,TRUE,15196858363
"97","2018-02-17T02:56:08Z",4813516340,1,"Mobile Depot",33474,1501799.95,96278996,60003760,FALSE,TRUE,15196857277
"98","2018-02-17T02:48:42Z",4813513165,1,"Mobile Depot",33474,1501799.95,2112780268,60003760,FALSE,TRUE,15196839828
"99","2018-02-17T02:47:45Z",4813512799,7,"Sterile Conduits",2875,1649998.97,168707469,60003760,FALSE,TRUE,15196837980
"100","2018-02-17T02:42:06Z",4813510066,1,"Mobile Depot",33474,1448000,95379712,60003760,FALSE,TRUE,15196824566
"101","2018-02-17T02:39:37Z",4813509011,1,"Mobile Depot",33474,1448000,93972203,60003760,FALSE,TRUE,15196819048
"102","2018-02-17T02:36:04Z",4813507440,271,"Sterile Conduits",2875,1649997,96020625,60003760,FALSE,TRUE,15196810907
"103","2018-02-17T02:33:38Z",4813506172,1,"Mobile Depot",33474,1448000,2112541141,60003760,FALSE,TRUE,15196804453
"104","2018-02-17T02:17:43Z",4813498445,5,"Mobile Depot",33474,1448000,94473317,60003760,FALSE,TRUE,15196766679
"105","2018-02-17T02:16:51Z",4813498084,4,"Mobile Depot",33474,1448000,571987108,60003760,FALSE,TRUE,15196764878
"106","2018-02-17T02:16:03Z",4813497665,2,"Mobile Depot",33474,1448000,2113099209,60003760,FALSE,TRUE,15196762919
"107","2018-02-17T02:13:50Z",4813496589,1,"Mobile Depot",33474,1448000,804889232,60003760,FALSE,TRUE,15196756992
"108","2018-02-17T02:13:24Z",4813496475,1,"Mobile Depot",33474,1448000,2112753375,60003760,FALSE,TRUE,15196756256
"109","2018-02-17T02:09:41Z",4813494643,1,"Mobile Depot",33474,1448000,2113619197,60003760,FALSE,TRUE,15196747444
"110","2018-02-17T02:07:43Z",4813493808,1,"Mobile Depot",33474,1448000,2113758699,60003760,FALSE,TRUE,15196742696
"111","2018-02-17T02:03:18Z",4813491859,3,"Mobile Depot",33474,1448000,2113389547,60003760,FALSE,TRUE,15196732344
"112","2018-02-17T01:44:20Z",4813483586,51,"Guidance Systems",9834,86022,2112165476,60003760,TRUE,TRUE,15196688304
"113","2018-02-17T01:42:22Z",4813482821,1,"Mobile Depot",33474,1448000,2113628852,60003760,FALSE,TRUE,15196684270
"114","2018-02-17T01:25:22Z",4813476333,1,"Mobile Depot",33474,1448000,2112318112,60003760,FALSE,TRUE,15196648209
"115","2018-02-17T01:21:53Z",4813474590,1,"Mobile Depot",33474,1448000,90126561,60003760,FALSE,TRUE,15196639225
"116","2018-02-17T01:17:42Z",4813472872,1,"Mobile Depot",33474,1448000,2112833579,60003760,FALSE,TRUE,15196629859
"117","2018-02-17T01:17:20Z",4813472642,1,"Mobile Depot",33474,1448000,97060051,60003760,FALSE,TRUE,15196628910
"118","2018-02-17T01:15:51Z",4813471914,1,"Mobile Depot",33474,1448000,93316312,60003760,FALSE,TRUE,15196625502
"119","2018-02-17T01:15:43Z",4813471857,1,"Mobile Depot",33474,1448000,90988090,60003760,FALSE,TRUE,15196625246
"120","2018-02-17T01:12:12Z",4813470404,2,"Mobile Depot",33474,1448000,1705702977,60003760,FALSE,TRUE,15196617200
"121","2018-02-17T01:12:05Z",4813470382,1,"Mobile Depot",33474,1448000,96241384,60003760,FALSE,TRUE,15196617031
"122","2018-02-17T00:59:53Z",4813464939,16,"Sterile Conduits",2875,1649997,393027683,60003760,FALSE,TRUE,15196589068
"123","2018-02-17T00:58:25Z",4813464186,10,"Mobile Depot",33474,1448000,93864060,60003760,FALSE,TRUE,15196584937
"124","2018-02-17T00:44:44Z",4813457441,1,"Mobile Depot",33474,1448000,95248959,60003760,FALSE,TRUE,15196551294
"125","2018-02-17T00:42:34Z",4813456426,33,"Zydrine",39,794.33,2113704968,60003760,TRUE,TRUE,15196545486
"126","2018-02-17T00:40:56Z",4813455685,2,"Mobile Depot",33474,1448000,811446597,60003760,FALSE,TRUE,15196541674
"127","2018-02-17T00:40:17Z",4813455383,1,"Mobile Depot",33474,1448000,2113735175,60003760,FALSE,TRUE,15196540110
"128","2018-02-17T00:38:56Z",4813454715,9,"Sterile Conduits",2875,1649997,90129384,60003760,FALSE,TRUE,15196535913
"129","2018-02-17T00:37:31Z",4813454062,39561,"Pyerite",35,4.44,93411953,60003760,TRUE,TRUE,15196532775
"130","2018-02-17T00:37:20Z",4813453993,990080,"Tritanium",34,5.43,2113346613,60003760,TRUE,TRUE,15196532398
"131","2018-02-14T02:59:51Z",4811393122,1,"Multiple Pilot Training Certificate",34133,1225117002,95739429,60003760,TRUE,TRUE,15185764813
"132","2018-02-14T02:59:40Z",4811393035,1,"Multiple Pilot Training Certificate",34133,1225117002,95739429,60003760,TRUE,TRUE,15185764405
"133","2018-02-13T21:54:26Z",4811242317,1,"Large Skill Injector",40520,814570982.77,96755315,1023164547009,FALSE,TRUE,15184991824
"134","2018-02-13T21:48:29Z",4811238453,1,"Large Skill Injector",40520,814570984.88,2112956744,1023164547009,FALSE,TRUE,15184971968
"135","2018-02-13T21:32:05Z",4811227308,2,"Large Skill Injector",40520,814570987,90365507,1023164547009,FALSE,TRUE,15184915324
"136","2018-02-13T05:49:17Z",4810728953,268,"Smartfab Units",2351,95048,93508054,60003760,TRUE,TRUE,15182366746
"137","2018-02-12T15:38:52Z",4810261734,1,"Mobile Depot",33474,1502993.78,2113694932,60003760,FALSE,TRUE,15179901124
"138","2018-02-12T15:28:40Z",4810255234,1,"Mobile Depot",33474,1502993.78,96101278,60003760,FALSE,TRUE,15179869232
"139","2018-02-12T15:17:32Z",4810248782,1,"Mobile Depot",33474,1502993.78,95465040,60003760,FALSE,TRUE,15179836448
"140","2018-02-12T15:16:17Z",4810248190,1,"Mobile Depot",33474,1502993.78,2113542866,60003760,FALSE,TRUE,15179833067
"141","2018-02-12T14:48:59Z",4810233991,1,"Mobile Depot",33474,1502993.78,2113572573,60003760,FALSE,TRUE,15179755449
"142","2018-02-12T14:43:39Z",4810230960,1,"Mobile Depot",33474,1502993.78,2113266798,60003760,FALSE,TRUE,15179740395
"143","2018-02-12T14:33:50Z",4810225977,1,"Mobile Depot",33474,1502993.78,94800141,60003760,FALSE,TRUE,15179713166
"144","2018-02-12T14:30:33Z",4810224194,1,"Mobile Depot",33474,1502993.78,2113529318,60003760,FALSE,TRUE,15179704724
"145","2018-02-12T14:22:53Z",4810220302,33,"Mobile Depot",33474,1502993.78,2112591222,60003760,FALSE,TRUE,15179682934
"146","2018-02-12T14:14:03Z",4810215625,1,"Mobile Depot",33474,1502993.78,93378003,60003760,FALSE,TRUE,15179657908
"147","2018-02-12T14:13:45Z",4810215475,1,"Mobile Depot",33474,1502993.78,95974000,60003760,FALSE,TRUE,15179657097
"148","2018-02-12T14:11:42Z",4810214443,1,"Mobile Depot",33474,1502993.78,2113650207,60003760,FALSE,TRUE,15179652039
"149","2018-02-12T14:11:27Z",4810214287,5,"Mobile Depot",33474,1502993.78,94717552,60003760,FALSE,TRUE,15179651302
"150","2018-02-12T14:04:19Z",4810211076,2,"Mobile Depot",33474,1502993.78,1546693766,60003760,FALSE,TRUE,15179632815
"151","2018-02-12T13:59:28Z",4810208903,2,"Skill Extractor",40519,358223002.04,2113483776,60003760,TRUE,TRUE,15179620467
"152","2018-02-12T13:58:42Z",4810208427,1,"Skill Extractor",40519,358223002.04,2113483776,60003760,TRUE,TRUE,15179618386
"153","2018-02-12T13:55:08Z",4810206702,1,"Skill Extractor",40519,358223002,91908455,60004423,TRUE,TRUE,15179608895
"154","2018-02-05T22:22:06Z",4805312727,1,"Mobile Depot",33474,1511993.78,2113677236,60003760,FALSE,TRUE,15153856592
"155","2018-02-05T22:12:32Z",4805306107,1,"Mobile Depot",33474,1511993.78,94368265,60003760,FALSE,TRUE,15153822748
"156","2018-02-05T22:12:11Z",4805305827,5,"Mobile Depot",33474,1511993.78,95544732,60003760,FALSE,TRUE,15153821539
"157","2018-02-05T22:07:02Z",4805301827,1,"Mobile Depot",33474,1511993.78,94989945,60003760,FALSE,TRUE,15153802102
"158","2018-02-05T22:05:52Z",4805300981,5,"Mobile Depot",33474,1511993.78,90315189,60003760,FALSE,TRUE,15153797323
"159","2018-02-05T22:03:22Z",4805299546,1,"Mobile Depot",33474,1511993.78,1136311987,60003760,FALSE,TRUE,15153789917
"160","2018-02-05T21:58:20Z",4805296390,1,"Mobile Depot",33474,1511993.78,2113254721,60003760,FALSE,TRUE,15153773426
"161","2018-02-05T21:57:30Z",4805295709,1,"Mobile Depot",33474,1511993.78,2112803933,60003760,FALSE,TRUE,15153770527
"162","2018-02-05T21:50:06Z",4805290579,1,"Mobile Depot",33474,1511993.78,2113199694,60003760,FALSE,TRUE,15153744266
"163","2018-02-05T21:48:24Z",4805289535,1,"Mobile Depot",33474,1511993.78,1425101595,60003760,FALSE,TRUE,15153738900
"164","2018-02-05T21:19:44Z",4805270453,1,"Mobile Depot",33474,1511993.82,2113635623,60003760,FALSE,TRUE,15153636867
"165","2018-02-05T06:00:38Z",4804821404,25,"Sterile Conduits",2875,1474747.54,94971437,60003760,FALSE,TRUE,15151201999
"166","2018-02-05T06:00:29Z",4804821344,488,"Sterile Conduits",2875,1474744.91,94971437,60003760,FALSE,TRUE,15151201709
"167","2018-02-04T21:53:51Z",4804601594,6,"Rapid Heavy Missile Launcher II",33450,2889847,96868734,60003760,FALSE,TRUE,15150043470
"168","2018-02-04T09:01:11Z",4804032273,268,"Guidance Systems",9834,85812,94950825,60003760,TRUE,TRUE,15147159727
"169","2018-02-03T21:46:43Z",4803674230,1,"Mobile Depot",33474,1511998.82,94000306,60003760,FALSE,TRUE,15145335709
"170","2018-02-03T21:20:56Z",4803652413,1,"Mobile Depot",33474,1511998.82,90413420,60003760,FALSE,TRUE,15145230786
"171","2018-02-03T21:19:34Z",4803651155,1,"Mobile Depot",33474,1511998.82,96770433,60003760,FALSE,TRUE,15145224055
"172","2018-02-03T21:19:09Z",4803650930,1,"Mobile Depot",33474,1511998.82,90996677,60003760,FALSE,TRUE,15145222741
"173","2018-02-03T21:16:25Z",4803648857,1,"Mobile Depot",33474,1511998.82,2113312907,60003760,FALSE,TRUE,15145212713
"174","2018-02-03T21:10:37Z",4803644479,1,"Mobile Depot",33474,1511998.82,2027080054,60003760,FALSE,TRUE,15145189798
"175","2018-02-03T21:05:55Z",4803641315,1,"Mobile Depot",33474,1511998.82,2113455860,60003760,FALSE,TRUE,15145172902
"176","2018-02-03T21:05:34Z",4803641027,1,"Mobile Depot",33474,1511998.82,92388009,60003760,FALSE,TRUE,15145170583
"177","2018-02-03T21:00:48Z",4803637404,1,"Mobile Depot",33474,1511998.82,1433219755,60003760,FALSE,TRUE,15145152355
"178","2018-02-03T21:00:46Z",4803637357,1,"Mobile Depot",33474,1511998.82,93087218,60003760,FALSE,TRUE,15145152139
"179","2018-02-03T20:56:35Z",4803634217,1,"Mobile Depot",33474,1511998.82,782222514,60003760,FALSE,TRUE,15145135438
"180","2018-02-03T20:43:54Z",4803624151,100,"High-Tech Transmitters",17898,96001,92501307,60003760,TRUE,TRUE,15145083365
"181","2018-02-03T20:37:15Z",4803618755,1,"Mobile Depot",33474,1511998.82,93885168,60003760,FALSE,TRUE,15145057133
"182","2018-02-03T20:33:26Z",4803615924,1,"Mobile Depot",33474,1511998.82,94847557,60003760,FALSE,TRUE,15145042126
"183","2018-02-03T20:31:16Z",4803614238,1,"Mobile Depot",33474,1539995.36,2113302120,60003760,FALSE,TRUE,15145034172
"184","2018-02-03T20:28:31Z",4803612287,1,"Mobile Depot",33474,1539995.36,95934327,60003760,FALSE,TRUE,15145022744
"185","2018-02-03T20:25:48Z",4803610074,1,"Mobile Depot",33474,1511998.82,95090630,60003760,FALSE,TRUE,15145012382
"186","2018-02-03T20:23:48Z",4803608185,1,"Mobile Depot",33474,1511998.82,96765605,60003760,FALSE,TRUE,15145002691
"187","2018-02-03T20:22:48Z",4803607360,1,"Mobile Depot",33474,1511998.82,2112639137,60003760,FALSE,TRUE,15144998706
"188","2018-02-03T20:15:02Z",4803601140,100,"Nuclear Reactors",2352,93015,310978703,60003760,TRUE,TRUE,15144966340
"189","2018-02-03T20:08:00Z",4803594571,1,"Mobile Depot",33474,1511998.82,2113162541,60003760,FALSE,TRUE,15144935524
"190","2018-02-03T20:07:48Z",4803594424,1,"Mobile Depot",33474,1511998.82,90492123,60003760,FALSE,TRUE,15144934788
"191","2018-02-03T19:58:46Z",4803587240,1,"Mobile Depot",33474,1511998.82,96280049,60003760,FALSE,TRUE,15144898146
"192","2018-02-03T19:55:21Z",4803584611,1,"Mobile Depot",33474,1511998.82,2113499304,60003760,FALSE,TRUE,15144884032
"193","2018-02-03T19:52:00Z",4803582058,2,"Mobile Depot",33474,1511998.82,90817707,60003760,FALSE,TRUE,15144871319
"194","2018-02-03T19:51:00Z",4803581289,5,"Mobile Depot",33474,1511998.82,440773276,60003760,FALSE,TRUE,15144867499
"195","2018-02-03T19:42:51Z",4803574928,2,"Light Missile Launcher II",2404,1169997,91257815,60003760,FALSE,TRUE,15144834300
"196","2018-02-03T19:38:01Z",4803570932,1,"Rocket Launcher II",10631,469999.99,96936628,60003760,FALSE,TRUE,15144813902
"197","2018-02-03T19:36:08Z",4803569567,1,"Rocket Launcher II",10631,469998,94089850,60003760,FALSE,TRUE,15144807078
"198","2018-02-03T19:29:49Z",4803564871,4,"Light Missile Launcher II",2404,1169997,90560632,60003760,FALSE,TRUE,15144780842
"199","2018-02-03T19:28:12Z",4803563678,1,"EM Ward Amplifier II",2553,909857,2112195241,60003760,FALSE,TRUE,15144775141
"200","2018-02-03T19:27:41Z",4803563162,1,"Republic Fleet Medium Shield Extender",31928,11399994,2112195241,60003760,FALSE,TRUE,15144772750
"201","2018-02-03T19:25:34Z",4803561367,3,"Rocket Launcher II",10631,469999.99,91368314,60003760,FALSE,TRUE,15144763744
"202","2018-02-03T19:24:07Z",4803560066,39561,"Zydrine",39,851.06,1727587413,60003760,TRUE,TRUE,15144757088
"203","2018-02-03T19:23:30Z",4803559595,19781,"Pyerite",35,4.93,96166963,60003760,TRUE,TRUE,15144754814
"204","2018-02-03T19:23:22Z",4803559430,495040,"Tritanium",34,5.55,93927949,60003760,TRUE,TRUE,15144754135
"205","2018-02-03T19:05:02Z",4803544398,290,"Sterile Conduits",2875,1479845,403173533,60003760,FALSE,TRUE,15144676508
"206","2018-02-03T19:04:41Z",4803544020,2,"Core Probe Launcher I",17938,9999.94,2113595652,60003760,TRUE,TRUE,15144674972
"207","2018-02-03T19:04:17Z",4803543741,1,"EM Ward Field II",2301,2080000,1164269363,60003760,TRUE,TRUE,15144673522
"208","2018-02-03T19:04:08Z",4803543571,1,"Drake",24698,43989999.96,93274773,60003760,TRUE,TRUE,15144672843
"209","2018-02-03T19:04:08Z",4803543570,3396,"Scourge Rage Heavy Assault Missile",2679,103.88,211315653,60003760,TRUE,TRUE,15144672840
"210","2018-02-03T19:04:08Z",4803543569,6,"Heavy Assault Missile Launcher II",25715,1158938.2,95301367,60003760,TRUE,TRUE,15144672834
"211","2018-02-03T19:04:08Z",4803543568,1,"Adaptive Invulnerability Field II",2281,2399898.8,1783095145,60003760,TRUE,TRUE,15144672831
"212","2018-02-03T19:04:08Z",4803543567,600,"Rapid Deployment Charge",42840,739.95,2113116729,60003760,TRUE,TRUE,15144672827
"213","2018-02-03T19:04:08Z",4803543566,600,"Interdiction Maneuvers Charge",42839,949.99,92849886,60003760,TRUE,TRUE,15144672824
"214","2018-02-03T19:04:08Z",4803543565,600,"Evasive Maneuvers Charge",42838,999.9,2113116729,60003760,TRUE,TRUE,15144672821
"215","2018-02-03T19:04:08Z",4803543564,2,"Overdrive Injector System II",1236,579998.74,95544732,60003760,TRUE,TRUE,15144672818
"216","2018-02-03T19:04:08Z",4803543563,1,"Medium Polycarbon Engine Housing II",31185,10099683.13,94810569,60003760,TRUE,TRUE,15144672814
"217","2018-02-03T19:04:08Z",4803543562,600,"Shield Extension Charge",42696,999.96,92849886,60003760,TRUE,TRUE,15144672811
"218","2018-02-03T19:04:08Z",4803543561,600,"Shield Harmonizing Charge",42695,1100,92811111,60003760,TRUE,TRUE,15144672808
"219","2018-02-03T19:04:08Z",4803543560,600,"Active Shielding Charge",42694,850,2113655149,60003760,TRUE,TRUE,15144672805
"220","2018-02-03T19:04:08Z",4803543559,1,"Warp Scrambler II",448,1797472.8,1456062210,60003760,TRUE,TRUE,15144672802
"221","2018-02-03T19:04:08Z",4803543557,8,"Core Scanner Probe I",30013,6799.96,2113603739,60003760,TRUE,TRUE,15144672795
"222","2018-02-03T19:04:08Z",4803543556,1000,"Scourge Javelin Heavy Assault Missile",24492,98.91,211315653,60003760,TRUE,TRUE,15144672792
"223","2018-02-03T19:04:08Z",4803543555,2000,"Mjolnir Rage Heavy Assault Missile",24490,103.53,211315653,60003760,TRUE,TRUE,15144672789
"224","2018-02-03T19:04:08Z",4803543554,2000,"Nova Rage Heavy Assault Missile",24488,96.97,211315653,60003760,TRUE,TRUE,15144672785
"225","2018-02-03T19:04:08Z",4803543551,2000,"Inferno Rage Heavy Assault Missile",24486,94.61,211315653,60003760,TRUE,TRUE,15144672777
"226","2018-02-03T19:04:08Z",4803543550,1,"Skirmish Command Burst I",42530,994977.45,2113003819,60003760,TRUE,TRUE,15144672769
"227","2018-02-03T19:04:08Z",4803543549,1,"Hornet EC-300",23707,5498,2112411632,60003760,TRUE,TRUE,15144672766
"228","2018-02-03T19:04:08Z",4803543547,1500,"Caldari Navy Scourge Heavy Assault Missile",27413,1345.28,2112333835,60003760,TRUE,TRUE,15144672755
"229","2018-02-03T19:04:08Z",4803543546,1,"Medium Anti-Thermal Screen Reinforcer II",31760,5229985.3,91832338,60003760,TRUE,TRUE,15144672751
"230","2018-02-03T19:04:08Z",4803543545,1,"50MN Microwarpdrive II",12076,5758783,90373563,60003760,TRUE,TRUE,15144672747
"231","2018-02-03T19:01:42Z",4803541802,110,"Sterile Conduits",2875,1479845,403173533,60003760,FALSE,TRUE,15144664037
"232","2018-02-03T18:56:36Z",4803537662,1,"Mobile Depot",33474,1539999.6,2113769216,60003760,FALSE,TRUE,15144643283
"233","2018-02-03T18:55:26Z",4803536888,4,"Warrior II",2488,409893,96369509,60003760,TRUE,TRUE,15144638039
"234","2018-02-03T18:55:26Z",4803536887,4,"Medium Murky Compact Remote Shield Booster",8579,19499.99,97150356,60003760,TRUE,TRUE,15144638034
"235","2018-02-03T18:55:26Z",4803536886,2,"Medium Core Defense Field Extender I",31790,1789998.92,93821302,60003760,TRUE,TRUE,15144638029
"236","2018-02-03T18:55:26Z",4803536885,1,"Medium Anti-EM Screen Reinforcer II",31724,4396987,91104212,60003760,TRUE,TRUE,15144638026
"237","2018-02-03T18:55:26Z",4803536884,2,"Adaptive Invulnerability Field II",2281,2399898.8,1783095145,60003760,TRUE,TRUE,15144638023
"238","2018-02-03T18:55:26Z",4803536883,1,"Large 'Regard' Remote Capacitor Transmitter",16487,160344.39,96260751,60003760,TRUE,TRUE,15144638018
"239","2018-02-03T18:55:26Z",4803536881,1,"Osprey",620,7633899.95,94223298,60003760,TRUE,TRUE,15144638005
"240","2018-02-03T18:55:26Z",4803536880,3,"Reactor Control Unit II",1355,694964.3,2112494727,60003760,TRUE,TRUE,15144638002
"241","2018-02-03T18:54:44Z",4803536423,14,"Sterile Conduits",2875,1479845,95743343,60003760,FALSE,TRUE,15144635298
"242","2018-02-03T18:51:12Z",4803533623,5,"Sterile Conduits",2875,1479845,95743343,60003760,FALSE,TRUE,15144622061
"243","2018-02-03T18:50:23Z",4803532805,18,"Sterile Conduits",2875,1479845,95743343,60003760,FALSE,TRUE,15144617360
"244","2018-02-02T20:36:07Z",4802760321,1,"Large Skill Injector",40520,815000000,1371995724,1023164547009,FALSE,TRUE,15140637399
"245","2018-02-02T20:27:41Z",4802754005,1,"Large Skill Injector",40520,814998000,95509751,1023164547009,FALSE,TRUE,15140604896
"246","2018-02-02T20:17:57Z",4802746593,2,"Skill Extractor",40519,361099000,2113017567,60003760,TRUE,TRUE,15140568919
"247","2018-02-01T02:36:29Z",4801550005,1,"Multiple Pilot Training Certificate",34133,1316000002.4,2113415143,1023164547009,TRUE,TRUE,15134161212
"248","2018-02-01T02:04:35Z",4801537065,1,"Multiple Pilot Training Certificate",34133,1316000002.4,91362120,60003760,TRUE,TRUE,15134089555
"249","2018-01-31T21:22:22Z",4801392981,354,"PLEX",44992,3210003,93572291,60003760,TRUE,TRUE,15133324797
"250","2018-01-31T21:19:52Z",4801391347,110,"PLEX",44992,3210002,2113757085,60003760,TRUE,TRUE,15133315784
"251","2018-01-31T21:19:43Z",4801391283,36,"PLEX",44992,3210003,93796043,60003760,TRUE,TRUE,15133315288
"252","2018-01-31T20:53:50Z",4801373488,1,"Multiple Pilot Training Certificate",34133,1316000002,2113761014,1023164547009,TRUE,TRUE,15133223051
"253","2018-01-31T19:14:40Z",4801303564,500,"PLEX",44992,3205000.01,2113736683,60003760,TRUE,TRUE,15132856491
"254","2018-01-31T18:48:35Z",4801285954,3,"Large Skill Injector",40520,812925999.98,96156631,1023164547009,FALSE,TRUE,15132763190
"255","2018-01-31T18:41:27Z",4801280997,1,"Large Skill Injector",40520,812928291.98,2113438721,1023164547009,FALSE,TRUE,15132737982
"256","2018-01-31T18:41:06Z",4801280748,1,"Large Skill Injector",40520,812928291.98,2113438721,1023164547009,FALSE,TRUE,15132736867
"257","2018-01-31T18:40:20Z",4801280321,1,"Large Skill Injector",40520,812925999.98,2113466735,1023164547009,FALSE,TRUE,15132734699
"258","2018-01-31T18:37:04Z",4801278186,2,"Large Skill Injector",40520,812925999.98,97184803,1023164547009,FALSE,TRUE,15132723074
"259","2018-01-31T18:36:28Z",4801277913,1,"Large Skill Injector",40520,812925999.98,716626183,1023164547009,FALSE,TRUE,15132721366
"260","2018-01-30T20:16:23Z",4800655023,1,"Skill Extractor",40519,360899003,2113423411,60003760,TRUE,TRUE,15129336612
"261","2018-01-30T20:10:10Z",4800650538,1,"Skill Extractor",40519,360899003,97102084,1023164547009,TRUE,TRUE,15129313011
"262","2018-01-30T07:42:26Z",4800272880,2,"Skill Extractor",40519,360718049.35,1241668184,60003760,TRUE,TRUE,15127276487
"263","2018-01-29T00:38:20Z",4799374402,2,"Skill Extractor",40519,360008049.35,216228429,1023164547009,TRUE,TRUE,15122480014
"264","2018-01-28T23:57:41Z",4799354224,1,"Skill Extractor",40519,360008049.35,93883559,1023164547009,TRUE,TRUE,15122373706
"265","2018-01-28T23:47:31Z",4799348720,1,"Skill Extractor",40519,360008049.35,96616310,1023164547009,TRUE,TRUE,15122345535
"266","2018-01-28T19:59:46Z",4799183002,1,"Skill Extractor",40519,359708044.06,96737476,60003760,TRUE,TRUE,15121490909
